Time,FOPT,WOPR:WELL08P,WOPR:WELL09P,WOPR:WELL10P,WOPR:WELL11I,WOPR:WELL12P,WOPR:WELL14P,WOPR:WELL18P,WOPR:WELL19P,WOPR:WELL22P,FPR,WBHP:WELL08P,WBHP:WELL09P,WBHP:WELL10P,WBHP:WELL11I,WBHP:WELL12P,WBHP:WELL14P,WBHP:WELL18P,WBHP:WELL19P,WBHP:WELL22P,FWCT,WWCT:WELL08P,WWCT:WELL09P,WWCT:WELL10P,WWCT:WELL11I,WWCT:WELL12P,WWCT:WELL14P,WWCT:WELL18P,WWCT:WELL19P,WWCT:WELL22P,WLPR:WELL08P,WLPR:WELL09P,WLPR:WELL10P,WLPR:WELL11I,WLPR:WELL12P,WLPR:WELL14P,WLPR:WELL18P,WLPR:WELL19P,WLPR:WELL22P,WWPR:WELL08P,WWPR:WELL09P,WWPR:WELL10P,WWPR:WELL11I,WWPR:WELL12P,WWPR:WELL14P,WWPR:WELL18P,WWPR:WELL19P,WWPR:WELL22P,WGPR:WELL08P,WGPR:WELL09P,WGPR:WELL10P,WGPR:WELL11I,WGPR:WELL12P,WGPR:WELL14P,WGPR:WELL18P,WGPR:WELL19P,WGPR:WELL22P
2000-01-02 00:00:00,2800.000244140625,350.0000305175781,350.0,350.0000305175781,-0.0,350.0000305175781,350.0,350.00006103515625,350.0,350.0,198.5162811279297,182.3656463623047,182.4049530029297,180.10853576660156,212.26412963867188,182.2619171142578,181.77365112304688,175.7534637451172,179.8033447265625,180.90512084960938,9.7690659458749e-05,9.623557707527652e-05,8.482544217258692e-05,0.00010053588630398735,0.0,9.842065628618002e-05,8.821359369903803e-05,0.00011957550304941833,9.564946230966598e-05,9.806840535020456e-05,350.03369140625,350.0296936035156,350.03521728515625,-0.0,350.03448486328125,350.0308837890625,350.04193115234375,350.0334777832031,350.0343322753906,0.03368569537997246,0.0296914242208004,0.03519110009074211,-0.0,0.03445062413811684,0.030877482146024704,0.04185643792152405,0.03348051384091377,0.03432730957865715,49961.71484375,49562.17578125,49873.9765625,-0.0,50067.71875,49689.4453125,50393.53515625,49785.31640625,50084.2734375
2000-01-05 00:00:00,11200.0,350.0,350.0,350.0,-0.0,350.0,350.0,350.0,350.0,350.0,198.52133178710938,175.12672424316406,176.9808807373047,172.91380310058594,226.563232421875,174.65191650390625,175.5208740234375,163.7352294921875,172.77731323242188,173.10498046875,0.00025532866129651666,0.0002501965791452676,0.0001962591049959883,0.00024587224470451474,0.0,0.0002610477095004171,0.00021815368381794542,0.0003686628770083189,0.0002402016834821552,0.00026221730513498187,350.08758544921875,350.0686950683594,350.0860595703125,-0.0,350.0914001464844,350.0763854980469,350.12908935546875,350.0840759277344,350.091796875,0.08759072422981262,0.06870417296886444,0.08607644587755203,-0.0,0.09139055013656616,0.07637044787406921,0.12907959520816803,0.08409078419208527,0.09180013090372086,51356.546875,50362.265625,51173.97265625,-0.0,51553.22265625,50738.7890625,53478.65234375,51102.859375,51735.0078125
2000-01-14 00:00:00,36400.0,350.0,350.0,350.0,-0.0,350.0,350.0,350.0,350.0,350.0,198.5375518798828,169.03265380859375,172.88900756835938,167.58656311035156,277.9632568359375,168.26205444335938,170.47010803222656,153.15248107910156,167.5240936279297,166.8304901123047,0.0003572894202079624,0.00034815067192539573,0.00025743941660039127,0.0003279346274212003,0.0,0.00036988023202866316,0.0003036455891560763,0.0005547436885535717,0.0003270423039793968,0.0003694247570820153,350.12188720703125,350.0901184082031,350.11480712890625,-0.0,350.1295166015625,350.1063232421875,350.19427490234375,350.114501953125,350.12933349609375,0.12189517170190811,0.09012699872255325,0.11481476575136185,-0.0,0.1295059770345688,0.1063082292675972,0.19426806271076202,0.11450225859880447,0.12934644520282745,51145.6171875,49918.04296875,50852.15234375,-0.0,51299.84375,50605.67578125,53485.07421875,50784.4609375,51500.20703125
2000-02-10 00:00:00,112000.0,350.0,350.0,350.0,-0.0,350.0,350.0,350.0,350.0,350.0,198.480712890625,165.1501007080078,170.07574462890625,163.99505615234375,302.3755187988281,164.22308349609375,167.02191162109375,146.99261474609375,164.07301330566406,162.89683532714844,0.0003504426567815244,0.0003388150653336197,0.00025649977033026516,0.0003273661423008889,0.0,0.00036113057285547256,0.000311404000967741,0.000523416034411639,0.0003242547973059118,0.00036061301943846047,350.1186218261719,350.08978271484375,350.1146240234375,-0.0,350.1264343261719,350.1090393066406,350.18328857421875,350.113525390625,350.1262512207031,0.1186254620552063,0.08979795128107071,0.11461566388607025,-0.0,0.1264413595199585,0.10902535170316696,0.18329155445098877,0.11352598667144775,0.12626008689403534,49781.546875,48826.37890625,49961.62109375,-0.0,49899.98046875,49564.1015625,51475.29296875,49631.00390625,50088.5625
2000-05-01 00:00:00,338800.0,350.0,350.0,350.0,-0.0,350.0,350.0,350.0,350.0,350.0,197.96502685546875,161.4646759033203,167.3995819091797,160.32801818847656,310.52703857421875,160.6498565673828,163.76544189453125,141.8406982421875,160.61688232421875,158.92056274414062,0.00032607081811875105,0.0003137883613817394,0.0002510077611077577,0.00031461508478969336,0.0,0.00032711855601519346,0.0003093763953074813,0.0004489737330004573,0.0003100789908785373,0.00033358612563461065,350.10986328125,350.0878601074219,350.1101379394531,-0.0,350.1145324707031,350.1083068847656,350.1572265625,350.1085510253906,350.1167907714844,0.10986040532588959,0.08787477761507034,0.11014993488788605,-0.0,0.11452896147966385,0.10831525176763535,0.15721139311790466,0.10856131464242935,0.11679410189390182,49044.13671875,48279.39453125,49890.82421875,-0.0,49085.39453125,49129.390625,50196.625,49195.61328125,49440.984375
2000-07-20 20:24:00,565180.0,350.0,350.0,350.0,-0.0,350.0,350.0,350.0,350.0,350.0,197.38003540039062,159.1845703125,165.797607421875,158.1788787841797,314.5563049316406,158.47254943847656,161.81863403320312,138.89675903320312,158.4984130859375,156.41836547851562,0.0003219297796022147,0.0003093754639849067,0.0002563328016549349,0.00031237397342920303,0.0,0.00031887335353530943,0.0003165852976962924,0.00042092864168807864,0.0003113984130322933,0.0003295556816738099,350.1083068847656,350.0897521972656,350.109375,-0.0,350.11163330078125,350.11083984375,350.14739990234375,350.1090087890625,350.1153869628906,0.10831491649150848,0.08973947912454605,0.1093650534749031,-0.0,0.11164127290248871,0.11083994060754776,0.1473870575428009,0.10902339220046997,0.11538250744342804,48918.1953125,48190.40234375,50027.125,-0.0,48905.14453125,49126.71484375,49855.4765625,49191.4921875,49369.0703125
2000-09-13 00:28:04,716854.625,350.0,350.0,350.0,-0.0,350.0,350.0,350.0,350.0,350.0,196.98338317871094,157.9443817138672,164.92620849609375,157.04856872558594,316.72015380859375,157.2864990234375,160.76979064941406,137.32008361816406,157.36270141601562,155.0496368408203,0.00032326369546353817,0.0003107156662736088,0.0002619012666400522,0.00031315593514591455,0.0,0.00031875373679213226,0.00032304812339134514,0.0004120829689782113,0.00031485126237384975,0.00033158843871206045,350.1087951660156,350.0916748046875,350.1096496582031,-0.0,350.1116027832031,350.11309814453125,350.144287109375,350.1102294921875,350.1160888671875,0.10878428816795349,0.09168945252895355,0.10963890701532364,-0.0,0.1115993782877922,0.11310338228940964,0.14428849518299103,0.1102326512336731,0.1160944476723671,48914.9375,48186.9296875,50120.7734375,-0.0,48871.32421875,49164.0,49783.93359375,49243.6640625,49392.23828125
2001-01-01 00:00:00,1024800.0,350.0,350.0,350.0,-0.0,350.0,350.0,350.0,350.0,350.0,196.15716552734375,155.98143005371094,163.4771728515625,155.17739868164062,318.60369873046875,155.39479064941406,159.02182006835938,134.77267456054688,155.46078491210938,152.86444091796875,0.0003322322154417634,0.00031905152718536556,0.00027608618256635964,0.00031971337739378214,0.0,0.0003255769843235612,0.00033917059772647917,0.00041015076567418873,0.0003266112180426717,0.00034148720442317426,350.1116943359375,350.0966491699219,350.1119384765625,-0.0,350.1139831542969,350.1187438964844,350.14361572265625,350.1143493652344,350.11956787109375,0.11170367896556854,0.09665685147047043,0.11193547397851944,-0.0,0.11398906260728836,0.11874998360872269,0.14361166954040527,0.11435127258300781,0.11956135183572769,48956.86328125,48214.83984375,50300.8046875,-0.0,48873.109375,49265.52734375,49791.45703125,49376.80859375,49493.46484375
2001-07-03 00:00:00,1537200.0,350.0,350.0,350.0,-0.0,350.0,350.0,350.0,350.0,350.0,194.8068084716797,153.32498168945312,161.37728881835938,152.48329162597656,320.22802734375,152.8465576171875,156.5374755859375,131.31858825683594,152.70120239257812,149.8709716796875,0.00035383307840675116,0.00033828741288743913,0.0003041752497665584,0.0003372164210304618,0.0,0.0003436179831624031,0.0003704443806782365,0.0004215033259242773,0.0003517929872032255,0.00036361883394420147,350.1184387207031,350.10650634765625,350.1180725097656,-0.0,350.12030029296875,350.12969970703125,350.1475830078125,350.1231689453125,350.1273193359375,0.1184406653046608,0.10649373382329941,0.11806555837392807,-0.0,0.12030763179063797,0.1297035813331604,0.14758837223052979,0.1231708750128746,0.12731288373470306,49065.04296875,48270.92578125,50670.49609375,-0.0,48924.23828125,49475.07421875,49906.96484375,49657.8203125,49705.2421875
2002-01-02 00:00:00,2049600.0,350.0,350.0,350.0,-0.0,350.0,350.0,350.0,350.0,350.0,193.45396423339844,150.98585510253906,159.41561889648438,149.95448303222656,321.2975769042969,150.5714111328125,154.2218780517578,128.2096710205078,150.10446166992188,147.18592834472656,0.00037938199238851666,0.00035981371183879673,0.00033529632491990924,0.0003595920861698687,0.0,0.0003650462022051215,0.0004054551827721298,0.0004398941237013787,0.00038094783667474985,0.00038900322397239506,350.1259765625,350.1174011230469,350.12591552734375,-0.0,350.1278076171875,350.1419677734375,350.1540222167969,350.1333923339844,350.1361999511719,0.12598012387752533,0.11739307641983032,0.12590250372886658,-0.0,0.12781281769275665,0.14196687936782837,0.1540306955575943,0.13338255882263184,0.13620410859584808,49203.32421875,48349.38671875,51113.1875,-0.0,49008.625,49720.59375,50090.32421875,50004.71875,49962.2421875
2002-07-04 00:00:00,2562000.0,350.0,350.0,350.0,-0.0,350.0,350.0,350.0,350.0,350.0,192.07681274414062,148.82861328125,157.50808715820312,147.54714965820312,321.91802978515625,148.4635009765625,151.98794555664062,125.25676727294922,147.56422424316406,144.64768981933594,0.00040819801506586373,0.0003830078348983079,0.00036921631544828415,0.00038611606578342617,0.0,0.0003888883220497519,0.0004442585341166705,0.00046275899512693286,0.0004142207617405802,0.0004171098116785288,350.13409423828125,350.1292724609375,350.13519287109375,-0.0,350.13616943359375,350.1555480957031,350.16204833984375,350.1450500488281,350.14605712890625,0.13410410284996033,0.1292734295129776,0.13519282639026642,-0.0,0.1361638605594635,0.15555959939956665,0.16204063594341278,0.14503735303878784,0.1460493505001068,49364.8359375,48451.51171875,51621.66015625,-0.0,49113.15234375,50018.0234375,50328.734375,50406.11328125,50269.71484375
2002-09-02 09:21:37,2731092.0,350.0,350.0,350.0,-0.0,350.0,350.0,350.0,350.0,350.0,191.61476135253906,148.12295532226562,156.87985229492188,146.76268005371094,322.12469482421875,147.77401733398438,151.25167846679688,124.28277587890625,146.74334716796875,143.81320190429688,0.0004182803095318377,0.0003910423838533461,0.0003809196932706982,0.0003954850253649056,0.0,0.0003971499390900135,0.0004578206571750343,0.0004710855719167739,0.00042577856220304966,0.0004269530763849616,350.1369323730469,350.13336181640625,350.13848876953125,-0.0,350.1390686035156,350.1603088378906,350.1649475097656,350.1490783691406,350.1495056152344,0.13691838085651398,0.1333726942539215,0.13847452402114868,-0.0,0.1390577107667923,0.16031062602996826,0.164957657456398,0.14908596873283386,0.1494974046945572,49426.5625,48492.09375,51807.19140625,-0.0,49159.38671875,50126.3125,50419.16796875,50551.9453125,50381.86328125
2003-01-03 00:00:00,3074400.0,350.0,350.0,350.0,-0.0,350.0,350.0,350.0,350.0,350.0,190.65728759765625,146.7312469482422,155.6041717529297,145.1577606201172,322.1836242675781,146.39491271972656,149.75894165039062,122.36052703857422,145.07412719726562,142.1646270751953,0.00044007785618305206,0.0004077742632944137,0.0004060398496221751,0.0004165440041106194,0.0,0.00041487213457003236,0.000487426295876503,0.0004891182179562747,0.0004511838487815112,0.0004476559697650373,350.1427917480469,350.1421813964844,350.1458435058594,-0.0,350.145263671875,350.1706848144531,350.1712646484375,350.1579895019531,350.15673828125,0.14277921617031097,0.14217166602611542,0.14585116505622864,-0.0,0.14526550471782684,0.1706824004650116,0.17127513885498047,0.1579856276512146,0.15674977004528046,49556.88671875,48587.02734375,52223.4296875,-0.0,49257.05078125,50360.37890625,50617.1640625,50869.484375,50624.22265625
2003-03-04 09:21:37,3243492.0,350.0,350.0,350.0,-0.0,350.0,350.0,350.0,350.0,350.0,190.17813110351562,146.05079650878906,154.969970703125,144.3545684814453,322.1689453125,145.71450805664062,149.01766967773438,121.41703033447266,144.23544311523438,141.34889221191406,0.00045139307621866465,0.00041625811718404293,0.00041896163020282984,0.0004276722902432084,0.0,0.00042399545782245696,0.0005028683226555586,0.0004985058330930769,0.0004645284207072109,0.00045834598131477833,350.145751953125,350.1466979980469,350.1497497558594,-0.0,350.1484680175781,350.17608642578125,350.174560546875,350.16265869140625,350.1604919433594,0.1457509994506836,0.1466980278491974,0.14974933862686157,-0.0,0.14846135675907135,0.1760924607515335,0.17456406354904175,0.16266050934791565,0.16049465537071228,49626.81640625,48639.23828125,52446.54296875,-0.0,49309.47265625,50483.796875,50725.58203125,51040.859375,50755.3671875
2003-07-03 04:04:51,3581676.0,350.0,350.0,350.0,-0.0,350.0,350.0,350.0,350.0,350.0,189.19876098632812,144.6906280517578,153.67718505859375,142.65870666503906,321.9527282714844,144.35984802246094,147.50047302246094,119.53203582763672,142.51712036132812,139.70440673828125,0.0004756917478516698,0.0004341328458394855,0.0004464405355975032,0.0004521732626017183,0.0,0.0004430913832038641,0.0005363205564208329,0.0005190579686313868,0.0004933324526064098,0.0004809749370906502,350.1520080566406,350.15631103515625,350.1583251953125,-0.0,350.1551513671875,350.18780517578125,350.1817626953125,350.1727600097656,350.1684265136719,0.15201248228549957,0.15632396936416626,0.1583322435617447,-0.0,0.15515074133872986,0.1878129243850708,0.1817646324634552,0.17275157570838928,0.16842223703861237,49774.27734375,48753.609375,52966.64453125,-0.0,49419.62890625,50761.64453125,50948.2421875,51409.21875,51037.07421875
2004-01-04 00:00:00,4099200.0,350.0,350.0,350.0,-0.0,350.0,350.0,350.0,350.0,350.0,187.64207458496094,142.56124877929688,151.62356567382812,139.8433380126953,321.3423767089844,142.24896240234375,145.06387329101562,116.5853042602539,139.77565002441406,137.12362670898438,0.0005178210558369756,0.0004638858081307262,0.0004929223214276135,0.000496245629619807,0.0,0.00047479424392804503,0.0005965276504866779,0.0005549738416448236,0.0005443169502541423,0.0005188877112232149,350.1624450683594,350.172607421875,350.17376708984375,-0.0,350.166259765625,350.20892333984375,350.1943359375,350.19061279296875,350.18170166015625,0.162435382604599,0.172607883810997,0.17377221584320068,-0.0,0.16625691950321198,0.2089092880487442,0.19434870779514313,0.19061468541622162,0.18170498311519623,50047.9609375,48965.32421875,53960.80078125,-0.0,49627.57421875,51248.4765625,51351.328125,52056.21875,51522.44921875
2004-07-05 00:00:00,4611600.0,350.0,350.0,350.0,-0.0,350.0,350.0,350.0,350.0,350.0,186.03079223632812,140.36988830566406,149.50245666503906,136.78382873535156,320.5943298339844,140.0838623046875,142.50515747070312,113.48735809326172,136.9171142578125,134.44497680664062,0.0005665321950800717,0.0004960718797519803,0.0005450191092677414,0.0005484173307195306,0.0,0.0005092409555800259,0.0006706584244966507,0.000596047262661159,0.0006061624153517187,0.0005606177728623152,350.1737060546875,350.19085693359375,350.1920471191406,-0.0,350.1783142089844,350.2348937988281,350.208740234375,350.2122802734375,350.1963195800781,0.17371132969856262,0.19086071848869324,0.19205138087272644,-0.0,0.1783251315355301,0.2348879724740982,0.2087409645318985,0.21228551864624023,0.19632628560066223,50368.09765625,49236.12890625,55163.20703125,-0.0,49873.56640625,51819.71484375,51856.8125,52832.54296875,52083.23046875
2005-01-04 00:00:00,5124000.0,350.0,350.0,350.0,-0.0,350.0,350.0,350.0,350.0,350.0,184.3406219482422,138.0564727783203,147.26333618164062,133.44029235839844,319.7075500488281,137.86097717285156,139.83340454101562,110.17855072021484,133.8053741455078,131.63734436035156,0.0006251794402487576,0.0005313989240676165,0.0006056255660951138,0.0006121994811110198,0.0,0.0005467970622703433,0.0007682848372496665,0.0006431537913158536,0.000687146617565304,0.0006067887297831476,350.18609619140625,350.21209716796875,350.2143859863281,-0.0,350.1914978027344,350.26910400390625,350.2252502441406,350.24066162109375,350.2124938964844,0.18608851730823517,0.2120974063873291,0.21440108120441437,-0.0,0.19148367643356323,0.2691064476966858,0.22524869441986084,0.2406667023897171,0.2125050127506256,50734.6484375,49576.890625,56590.76171875,-0.0,50171.4375,52485.4453125,52450.890625,53770.31640625,52724.42578125
2005-03-05 09:21:37,5293092.0,350.0,350.0,350.0,-0.0,350.0,350.0,350.0,350.0,350.0,183.76959228515625,137.27261352539062,146.5077667236328,132.3271026611328,319.41192626953125,137.10958862304688,138.93658447265625,109.05320739746094,132.72628784179688,130.6954803466797,0.0006462178425863385,0.0005436560022644699,0.000627039116807282,0.0006351041374728084,0.0,0.0005598546122200787,0.0008041294058784842,0.000659697747323662,0.0007174437632784247,0.0006227686535567045,350.19036865234375,350.2196044921875,350.2224426269531,-0.0,350.196044921875,350.28167724609375,350.2310485839844,350.25128173828125,350.2181091308594,0.19038310647010803,0.21960137784481049,0.22242771089076996,-0.0,0.19605886936187744,0.28167179226875305,0.2310466319322586,0.2512856125831604,0.21810486912727356,50868.37890625,49711.6484375,57118.7578125,-0.0,50283.11328125,52720.75,52669.1875,54117.91015625,52948.453125
2005-07-04 04:04:51,5631276.0,350.0,350.0,350.0,-0.0,350.0,350.0,350.0,350.0,350.0,182.5914306640625,135.64346313476562,144.92367553710938,130.0081024169922,318.754150390625,135.5487060546875,137.05067443847656,106.6899642944336,130.45156860351562,128.760009765625,0.0006940980674698949,0.0005692834383808076,0.0006749684689566493,0.0006867270567454398,0.0,0.0005872795591130853,0.0008930921321734786,0.0006952600670047104,0.0007897227187640965,0.000656373449601233,350.1993713378906,350.23638916015625,350.2405090332031,-0.0,350.2056579589844,350.3128662109375,350.2434997558594,350.276611328125,350.2298889160156,0.19936269521713257,0.23639851808547974,0.24051964282989502,-0.0,0.2056686282157898,0.31286168098449707,0.24351032078266144,0.27662140130996704,0.22988159954547882,51155.00390625,50018.71484375,58213.76953125,-0.0,50525.671875,53247.984375,53147.234375,54899.46484375,53438.22265625
2005-09-03 03:55:53,5802059.0,350.0,350.0,350.0,-0.0,350.0,350.0,350.0,350.0,350.0,181.9832000732422,134.80929565429688,144.09703063964844,128.7662811279297,318.4071350097656,134.74378967285156,136.06166076660156,105.44949340820312,129.26022338867188,127.75281524658203,0.0007206543232314289,0.0005826260312460363,0.0007011440466158092,0.0007159620290622115,0.0,0.0006016943953000009,0.0009441026486456394,0.0007144938572309911,0.0008307829266414046,0.000674330978654325,350.20404052734375,350.2455749511719,350.2507629394531,-0.0,350.2107238769531,350.33074951171875,350.250244140625,350.291015625,350.2361755371094,0.20403797924518585,0.24557259678840637,0.25076624751091003,-0.0,0.21071982383728027,0.33074817061424255,0.2502516508102417,0.29101577401161194,0.23617510497570038,51304.15625,50191.5078125,58806.8046875,-0.0,50652.71484375,53540.6015625,53408.23828125,55332.69140625,53703.578125
2006-01-05 00:00:00,6148800.0,350.0,350.0,350.0,-0.0,350.0,350.0,350.0,350.0,350.0,180.70571899414062,133.0545196533203,142.341552734375,126.1257553100586,317.6314697265625,133.05616760253906,133.93443298339844,102.80828857421875,126.70646667480469,125.61458587646484,0.0007836954318918288,0.0006110394606366754,0.0007612431654706597,0.0007826141081750393,0.0,0.0006319966050796211,0.0010770694352686405,0.0007560716476291418,0.0009362963610328734,0.0007130639278329909,350.2139892578125,350.2666320800781,350.2741394042969,-0.0,350.2213439941406,350.37738037109375,350.26483154296875,350.3280029296875,350.249755859375,0.213994562625885,0.2666381001472473,0.2741294801235199,-0.0,0.22133868932724,0.37738075852394104,0.26482531428337097,0.3280108571052551,0.24975046515464783,51639.54296875,50596.53515625,60060.21875,-0.0,50930.86328125,54195.72265625,53990.40234375,56337.70703125,54285.76171875
2006-07-07 00:00:00,6661200.0,350.0,350.0,350.0,-0.0,350.0,350.0,350.0,350.0,350.0,178.70472717285156,130.2586669921875,139.56463623046875,121.88481903076172,316.31829833984375,130.40101623535156,130.40220642089844,98.54058074951172,122.45892333984375,122.18668365478516,0.0009118804591707885,0.0006572664133273065,0.0008746462990529835,0.0009131072438322008,0.0,0.0006803043652325869,0.0013860056642442942,0.0008253289270214736,0.001181591534987092,0.0007763495668768883,350.2301940917969,350.306396484375,350.31988525390625,-0.0,350.23828125,350.48577880859375,350.2890930175781,350.4140319824219,350.2719421386719,0.23019453883171082,0.30639418959617615,0.3198796212673187,-0.0,0.23826861381530762,0.48577526211738586,0.28910374641418457,0.4140462577342987,0.2719334661960602,52209.75,51347.39453125,62113.72265625,-0.0,51417.7109375,55359.61328125,55004.2578125,58203.875,55278.8984375
2006-09-05 09:21:26,6830292.0,350.0,350.0,350.0,-0.0,350.0,350.0,350.0,350.0,350.0,178.02418518066406,129.3001251220703,138.60528564453125,120.39115142822266,315.8750915527344,129.502685546875,129.1414031982422,97.05396270751953,120.9864273071289,121.00128173828125,0.0009605266386643052,0.000673500238917768,0.0009164924849756062,0.0009632012224756181,0.0,0.0006970757385715842,0.0015064968029037118,0.000850491167511791,0.001277415081858635,0.000798949331510812,350.2358703613281,350.3210754394531,350.3374328613281,-0.0,350.244140625,350.528076171875,350.29791259765625,350.4476623535156,350.27984619140625,0.2358839362859726,0.32106661796569824,0.3374454379081726,-0.0,0.2441467046737671,0.5280694365501404,0.29792529344558716,0.44766712188720703,0.2798558473587036,52417.6875,51634.6953125,62870.41015625,-0.0,51591.734375,55800.0625,55379.37109375,58911.2578125,55639.53125
2007-01-06 00:00:00,7173600.0,350.0,350.0,350.0,-0.0,350.0,350.0,350.0,350.0,350.0,176.58143615722656,127.24465942382812,136.51976013183594,117.20236206054688,314.8865966796875,127.59225463867188,126.45634460449219,93.78132629394531,117.71284484863281,118.45811462402344,0.0010845938231796026,0.0007081848452799022,0.0010186457075178623,0.0010872746352106333,0.0,0.0007329158252105117,0.0018339796224609017,0.000905563123524189,0.0015418047551065683,0.0008472514455206692,350.248046875,350.3569030761719,350.3809509277344,-0.0,350.2567138671875,350.64306640625,350.3172302246094,350.54046630859375,350.2967834472656,0.2480403482913971,0.356889545917511,0.3809603154659271,-0.0,0.25670868158340454,0.643072247505188,0.3172343671321869,0.5404649376869202,0.2967894673347473,52881.7265625,52334.85546875,64495.0234375,-0.0,51979.95703125,56812.82421875,56234.3828125,60557.4296875,56416.05859375
2007-03-07 09:21:26,7342692.0,350.0,350.0,350.0,-0.0,350.0,350.0,350.0,350.0,350.0,175.84921264648438,126.19446563720703,135.46078491210938,115.54119110107422,314.3852233886719,126.61688232421875,125.09222412109375,92.10980987548828,115.98545837402344,117.14524841308594,0.001154806581325829,0.0007262499420903623,0.001074503525160253,0.0011580372229218483,0.0,0.000751532323192805,0.002022824715822935,0.0009342681732960045,0.0016968103591352701,0.0008726957603357732,350.2543640136719,350.3764953613281,350.4057922363281,-0.0,350.26324462890625,350.70941162109375,350.3273010253906,350.5948791503906,350.30572509765625,0.2543722093105316,0.3764807879924774,0.40578290820121765,-0.0,0.26323413848876953,0.7094237208366394,0.32729965448379517,0.5948930382728577,0.3057103157043457,53129.23046875,52736.90234375,65359.0234375,-0.0,52191.37890625,57373.171875,56704.44921875,61477.87890625,56829.09765625
2007-07-06 04:04:41,7680876.0,350.0,350.0,350.0,-0.0,350.0,350.0,350.0,350.0,350.0,174.30747985839844,123.95582580566406,133.16751098632812,111.97261810302734,313.2636413574219,124.55117797851562,122.09198760986328,88.49292755126953,112.16356658935547,114.34921264648438,0.001337647088803351,0.0007644494180567563,0.0012153732823207974,0.0013396261492744088,0.0,0.0007909254054538906,0.00253506563603878,0.0009987400844693184,0.0021268033888190985,0.0009272051393054426,350.26776123046875,350.4259033203125,350.4695129394531,-0.0,350.27703857421875,350.8895263671875,350.34991455078125,350.7459716796875,350.3248291015625,0.2677619755268097,0.4258982837200165,0.4694980978965759,-0.0,0.27704301476478577,0.8895279765129089,0.3499085307121277,0.7459676861763,0.32482296228408813,53665.61328125,53654.65234375,67220.4765625,-0.0,52655.921875,58678.98046875,57745.1171875,63614.02734375,57709.16796875
2008-01-07 00:00:00,8198400.0,350.0,350.0,350.0,-0.0,350.0,350.0,350.0,350.0,350.0,171.71226501464844,120.2352294921875,129.18527221679688,105.77265930175781,311.24627685546875,121.0726089477539,116.64201354980469,82.02769470214844,105.15531921386719,109.55513763427734,0.0017914753407239914,0.0008289834950119257,0.0015470728976652026,0.0017979055410251021,0.0,0.0008573923259973526,0.003828255692496896,0.0011192391393706203,0.0033197286538779736,0.0010238150134682655,350.2903747558594,350.5423278808594,350.6304016113281,-0.0,350.30035400390625,351.34503173828125,350.3921813964844,351.165771484375,350.35870361328125,0.2903849482536316,0.5423144698143005,0.6304003000259399,-0.0,0.3003448247909546,1.345038652420044,0.392172634601593,1.1657750606536865,0.35870251059532166,54603.49609375,55453.3984375,70646.5078125,-0.0,53500.12109375,61255.5625,59737.85546875,67839.4140625,59308.18359375
2008-07-08 00:00:00,8710800.0,350.0,350.0,350.0,-0.0,350.0,350.0,350.0,350.0,350.0,168.82383728027344,116.0896987915039,124.513916015625,98.46178436279297,308.8831787109375,117.12557220458984,109.93850708007812,74.47005462646484,96.36492156982422,104.05889892578125,0.0025549244601279497,0.0009029671200551093,0.0020804847590625286,0.002591968746855855,0.0,0.0009336727671325207,0.0059604402631521225,0.001268843887373805,0.005529714282602072,0.001141493208706379,350.3163146972656,350.72967529296875,350.9095458984375,-0.0,350.32708740234375,352.0986633300781,350.4446716308594,351.9461669921875,350.3999938964844,0.3163241147994995,0.7296877503395081,0.9095466136932373,-0.0,0.327090859413147,2.098663091659546,0.44465959072113037,1.9461617469787598,0.39997920393943787,55738.34765625,57934.75,74950.5625,-0.0,54542.9609375,64747.25390625,62282.10546875,73457.265625,61279.3046875
2008-09-06 09:21:26,8879892.0,350.0,350.0,350.0,-0.0,350.0,350.0,350.0,350.0,350.0,167.8171844482422,114.63756561279297,122.80441284179688,95.89198303222656,308.06842041015625,115.72412109375,107.48772430419922,71.78617858886719,93.022705078125,102.10054779052734,0.002866970142349601,0.0009300423553213477,0.00229269010014832,0.002915335586294532,0.0,0.0009618421318009496,0.006819934118539095,0.0013245182344689965,0.006463801953941584,0.0011859090300276875,350.3258056640625,350.8042907714844,351.0233459472656,-0.0,350.33697509765625,352.40338134765625,350.4642028808594,352.27703857421875,350.4155578613281,0.32581785321235657,0.8042855262756348,1.0233508348464966,-0.0,0.3369688391685486,2.403367757797241,0.46419620513916016,2.2770490646362305,0.4155609607696533,56161.2265625,58945.4375,76589.0234375,-0.0,54939.6484375,66128.671875,63272.171875,75697.1875,62046.765625
2009-01-07 00:00:00,9223200.0,350.0,350.0,350.0,-0.0,350.0,350.0,350.0,350.0,350.0,165.60720825195312,111.47285461425781,118.81828308105469,90.10765838623047,306.17669677734375,112.60040283203125,101.78854370117188,65.72523498535156,85.13438415527344,97.7857666015625,0.0037460338789969683,0.000989150139503181,0.0028960658237338066,0.003836252260953188,0.0,0.0010238427203148603,0.00916944071650505,0.0014550028136000037,0.009224336594343185,0.0012871342478320003,350.3465576171875,351.0165710449219,351.3478698730469,-0.0,350.35870361328125,353.239013671875,350.5099792480469,353.2585754394531,350.4510803222656,0.34654533863067627,1.0165671110153198,1.3478590250015259,-0.0,0.35871219635009766,3.239004135131836,0.5099930167198181,3.258575916290283,0.45107758045196533,57116.99609375,61397.93359375,80323.046875,-0.0,55859.3203125,69407.875,65573.828125,80810.1953125,63783.7421875
2009-07-09 00:00:00,9735600.0,350.0,350.0,350.0,-0.0,350.0,350.0,350.0,350.0,350.0,161.841796875,106.02197265625,111.46309661865234,79.51753234863281,302.8071594238281,107.27828979492188,91.42416381835938,54.740962982177734,70.42329406738281,90.30827331542969,0.005968515761196613,0.0010947169503197074,0.004497316665947437,0.006291852332651615,0.0,0.0011335470480844378,0.014700817875564098,0.0017009135335683823,0.016580676659941673,0.0014683917397633195,350.3835754394531,351.5811767578125,352.2160949707031,-0.0,350.3971862792969,355.2220458984375,350.5963439941406,355.9010925292969,350.5146789550781,0.3835708200931549,1.581171989440918,2.2160916328430176,-0.0,0.39719170331954956,5.222054481506348,0.5963340401649475,5.90108060836792,0.5146928429603577,58872.28125,65963.328125,87241.671875,-0.0,57551.484375,75512.484375,69985.5,90160.6640625,66935.5078125
2010-01-08 00:00:00,10244459.0,350.0,350.0,350.0,-0.0,350.0,350.0,330.6528015136719,350.0,350.0,157.4923553466797,99.56474304199219,102.56790161132812,66.25647735595703,298.7964172363281,100.9299087524414,78.70347595214844,50.0,51.02649688720703,81.27735137939453,0.009839103557169437,0.0012258730130270123,0.007406414486467838,0.010747237130999565,0.0,0.0012716229539364576,0.02332853525876999,0.0018771925242617726,0.029836200177669525,0.0017002200474962592,350.4295959472656,352.611572265625,353.8023986816406,-0.0,350.4456481933594,358.3600158691406,331.2746887207031,360.7638244628906,350.5960998535156,0.4295821785926819,2.6115875244140625,3.802398204803467,-0.0,0.4456346929073334,8.360014915466309,0.6218663454055786,10.763821601867676,0.5960904955863953,61136.8359375,71634.15625,96028.1796875,-0.0,59828.70703125,83493.0078125,70301.84375,102144.21875,71093.6328125
2010-03-09 09:21:26,10410884.0,350.0,350.0,350.0,-0.0,350.0,350.0,320.6295166015625,335.19195556640625,350.0,155.9885711669922,97.26958465576172,99.29790496826172,61.20173263549805,297.4045715332031,98.65646362304688,74.02210235595703,50.0,50.0,77.97958374023438,0.011221553198993206,0.0012747355503961444,0.008630082942545414,0.012618684209883213,0.0,0.00132330774795264,0.026799462735652924,0.0019103391095995903,0.03446733206510544,0.0017906923312693834,350.44671630859375,353.04681396484375,354.4729919433594,-0.0,350.4637756347656,359.63812255859375,321.24322509765625,347.15753173828125,350.62786865234375,0.44672688841819763,3.046823263168335,4.472982406616211,-0.0,0.46377140283584595,9.638108253479004,0.6136834621429443,11.965594291687012,0.6278666257858276,62029.6953125,73883.296875,99377.9765625,-0.0,60740.8671875,86577.0390625,69371.6328125,100097.859375,72734.3203125
2010-07-08 04:04:41,10737502.0,350.0,350.0,349.0566711425781,-0.0,350.0,350.0,300.654052734375,304.5342712402344,350.0,152.7809600830078,92.08103942871094,91.78624725341797,50.0,294.277099609375,93.48263549804688,63.08334732055664,50.0,50.0,70.67141723632812,0.014644064009189606,0.0013888684334233403,0.012089177034795284,0.017758047208189964,0.0,0.0014435495249927044,0.03557848930358887,0.0019982431549578905,0.045117106288671494,0.00199765432626009,350.4867858886719,354.2829895019531,355.3672790527344,-0.0,350.5059814453125,362.911865234375,301.25604248046875,318.92315673828125,350.7005920410156,0.4867800176143646,4.282989978790283,6.310628890991211,-0.0,0.5059727430343628,12.91185474395752,0.6019827723503113,14.38888931274414,0.700578510761261,64114.43359375,78895.046875,106385.5859375,-0.0,62877.1015625,93658.0703125,67810.296875,95130.828125,76538.140625
2010-09-07 03:55:53,10900032.0,350.0,350.0,333.7666931152344,-0.0,350.0,350.0,290.63623046875,290.2781982421875,350.0,151.11065673828125,89.26793670654297,87.61312103271484,50.0,292.62677001953125,90.63673400878906,56.9177360534668,50.0,50.0,66.65461730957031,0.01654532179236412,0.0014540646225214005,0.014260740950703621,0.020289085805416107,0.0,0.0015124476049095392,0.04074670374393463,0.002046206034719944,0.05103063955903053,0.0021145835053175688,350.5096740722656,355.0634765625,340.67877197265625,-0.0,350.5301513671875,364.86712646484375,291.2321472167969,305.8878479003906,350.7416687011719,0.5096637010574341,5.063467979431152,6.912060260772705,-0.0,0.530158519744873,14.867133140563965,0.595920979976654,15.609651565551758,0.7416725754737854,65308.53125,81774.3046875,103310.765625,-0.0,64125.7578125,97725.5078125,67034.78125,92815.9453125,78643.421875
2011-01-09 00:00:00,11218710.0,350.0,350.0,306.654541015625,-0.0,350.0,332.5144958496094,271.0933837890625,263.1263732910156,350.0,147.57965087890625,82.96404266357422,77.92616271972656,50.0,288.9974060058594,84.20063018798828,50.0,50.0,50.0,57.787899017333984,0.020828019827604294,0.0016052749706432223,0.02032669074833393,0.026352230459451675,0.0,0.0016769865760579705,0.05232786387205124,0.002149242674931884,0.06485680490732193,0.002373649040237069,350.562744140625,357.261962890625,314.95428466796875,-0.0,350.5879211425781,350.8750305175781,271.6772766113281,281.37548828125,350.832763671875,0.5627495646476746,7.261953353881836,8.299747467041016,-0.0,0.587931215763092,18.36054039001465,0.5839003920555115,18.249114990234375,0.8327537775039673,68133.953125,88333.9921875,98509.15625,-0.0,67131.234375,99411.5,65453.87890625,88307.3828125,83288.4140625
2011-03-10 09:21:26,11371030.0,350.0,350.0,294.15673828125,-0.0,350.0,315.51361083984375,261.9256591796875,250.68003845214844,350.0,145.81715393066406,79.75293731689453,72.86479949951172,50.0,287.1677551269531,80.85842895507812,50.0,50.0,50.0,53.224090576171875,0.02290196344256401,0.0016855894355103374,0.023926595225930214,0.029583094641566277,0.0,0.0017674057744443417,0.05798916891217232,0.002202190225943923,0.0720987394452095,0.002515435218811035,350.5909423828125,358.57958984375,303.12408447265625,-0.0,350.61968994140625,334.936279296875,262.50372314453125,270.1580810546875,350.88262939453125,0.5909523963928223,8.579587936401367,8.967348098754883,-0.0,0.6196872591972351,19.42267608642578,0.5780831575393677,19.478057861328125,0.882622480392456,69675.09375,91919.4453125,96305.53125,-0.0,68832.6875,96476.28125,64686.3671875,86098.984375,85782.140625
2011-04-19 05:56:29,11470278.0,350.0,350.0,286.1441955566406,-0.0,350.0,305.25531005859375,256.00091552734375,242.6824188232422,350.0,144.6373748779297,77.57793426513672,69.29312133789062,50.0,285.9448547363281,78.55554962158203,50.0,50.0,50.0,50.166893005371094,0.024333639070391655,0.0017413441091775894,0.02661818079650402,0.031821902841329575,0.0,0.0018314738990738988,0.06183331087231636,0.0022379320580512285,0.07706765085458755,0.0026140541303902864,350.61053466796875,359.5711364746094,295.54913330078125,-0.0,350.6421813964844,325.3742980957031,256.5751037597656,262.9471435546875,350.9173278808594,0.610533595085144,9.571128845214844,9.404934883117676,-0.0,0.642192006111145,20.118968963623047,0.5741976499557495,20.264719009399414,0.9173168540000916,70745.875,94486.2421875,94883.7734375,-0.0,70036.5,94787.515625,64177.3203125,84636.984375,87486.1640625
2011-07-07 23:05:51,11662640.0,350.0,350.0,270.9955749511719,-0.0,350.0,285.753173828125,244.69683837890625,227.62631225585938,334.0499572753906,142.25083923339844,72.942626953125,61.31025695800781,50.0,283.42236328125,73.67050170898438,50.0,50.0,50.0,50.0,0.027555586770176888,0.001862732577137649,0.033133745193481445,0.03658541664481163,0.0,0.001969272503629327,0.06989674270153046,0.002310436684638262,0.08747249841690063,0.002656327560544014,350.6531677246094,361.9942321777344,281.28656005859375,-0.0,350.69061279296875,307.22735595703125,245.2635040283203,249.4459686279297,334.9396667480469,0.6531730890274048,11.994224548339844,10.290986061096191,-0.0,0.6906053423881531,21.474191665649414,0.566665768623352,21.81966209411621,0.8897095322608948,73057.046875,99987.0390625,92103.6796875,-0.0,72646.21875,91731.625,63157.8828125,81736.4375,84985.65625
2011-09-07 08:30:28,11807359.0,350.0,350.0,259.741455078125,-0.0,350.0,271.64178466796875,236.37677001953125,216.9428253173828,322.5714416503906,140.38160705566406,69.04690551757812,54.50674819946289,50.0,281.44085693359375,69.6121597290039,50.0,50.0,50.0,50.0,0.03023722767829895,0.0019669474568217993,0.03910629823803902,0.04049135372042656,0.0,0.002084543462842703,0.07630780339241028,0.0023677691351622343,0.09585969895124435,0.002692480804398656,350.6897888183594,364.2442321777344,270.70257568359375,-0.0,350.7311096191406,294.08258056640625,236.93777465820312,239.9437713623047,323.4422912597656,0.6897884011268616,14.244243621826172,10.961113929748535,-0.0,0.7311142683029175,22.4407958984375,0.56101393699646,23.000938415527344,0.8708621859550476,75036.65625,104720.25,90003.0078125,-0.0,74834.2734375,89474.5078125,62358.42578125,79533.0625,83298.28125
2011-10-18 11:42:25,11902794.0,350.0,348.9140319824219,252.36778259277344,-0.0,350.0,262.5591735839844,231.0559539794922,210.0275421142578,315.2425537109375,139.1120147705078,66.3611831665039,50.0,50.0,280.1073913574219,66.71710205078125,50.0,50.0,50.0,50.0,0.03213348612189293,0.0020416255574673414,0.04359222948551178,0.043227486312389374,0.0,0.002168821869418025,0.08070511370897293,0.0024067650083452463,0.10171298682689667,0.002718301024287939,350.7160339355469,364.8172302246094,263.7698974609375,-0.0,350.7607421875,285.60931396484375,231.6134033203125,233.80894470214844,316.101806640625,0.7160307765007019,15.903197288513184,11.402109146118164,-0.0,0.7607375383377075,23.05013084411621,0.5574390292167664,23.78140640258789,0.859259843826294,76483.46875,107673.171875,88594.171875,-0.0,76448.109375,88005.140625,61829.7890625,78071.8984375,82239.8046875
2012-01-10 00:00:00,12088538.0,350.0,322.36871337890625,237.96649169921875,-0.0,350.0,245.0396728515625,220.79319763183594,196.75379943847656,301.2248840332031,136.5452117919922,60.67984390258789,50.0,50.0,277.3844909667969,60.411678314208984,50.0,50.0,50.0,50.0,0.035773348063230515,0.002201333176344633,0.05181276798248291,0.04924589768052101,0.0,0.0023569639306515455,0.08992253988981247,0.0024874608498066664,0.11424008011817932,0.0027747061103582382,350.77215576171875,339.9842224121094,250.2923583984375,-0.0,350.8268737792969,269.2514343261719,221.34378051757812,222.12994384765625,302.0630187988281,0.77216637134552,17.615524291992188,12.325871467590332,-0.0,0.8268863558769226,24.211772918701172,0.5505839586257935,25.376144409179688,0.8381361365318298,79627.2578125,102035.0390625,85757.7734375,-0.0,80018.9765625,85105.765625,60744.44921875,75196.6015625,80222.8984375
2012-03-17 21:17:34,12234643.0,350.0,303.5376281738281,226.8018035888672,-0.0,350.0,231.70701599121094,212.85751342773438,186.86459350585938,290.4055480957031,134.455322265625,55.87416076660156,50.0,50.0,275.1701965332031,54.958560943603516,50.0,50.0,50.0,50.0,0.038769785314798355,0.0023408287670463324,0.05878181755542755,0.054527126252651215,0.0,0.0025280886329710484,0.09761187434196472,0.0025533984880894423,0.12472893297672272,0.002822422655299306,350.8211975097656,322.4944152832031,239.8818817138672,-0.0,350.8870849609375,256.7709045410156,213.4024200439453,213.49339294433594,291.2275085449219,0.8212123513221741,18.95680809020996,13.080069541931152,-0.0,0.8870735764503479,25.063888549804688,0.544901430606842,26.628803253173828,0.8219671249389648,82349.71875,98289.0859375,83461.796875,-0.0,83131.6015625,82743.59375,59842.7109375,72945.5625,78619.21875
2012-05-01 16:37:44,12329056.0,350.0,292.0068054199219,219.60870361328125,-0.0,350.0,223.48065185546875,207.78402709960938,180.7650909423828,283.5102844238281,133.0724639892578,52.6010856628418,50.0,50.0,273.7073059082031,51.2335319519043,50.0,50.0,50.0,50.0,0.04074786975979805,0.0024385410360991955,0.06349002569913864,0.05821897089481354,0.0,0.0026475731283426285,0.10266505181789398,0.002597049344331026,0.13175658881664276,0.0028546920511871576,350.8555908203125,311.8031921386719,233.18446350097656,-0.0,350.9291076660156,249.04931640625,208.32505798339844,208.19631958007812,284.32196044921875,0.855575680732727,19.7963924407959,13.575758934020996,-0.0,0.9291104674339294,25.568660736083984,0.5410304069519043,27.431236267089844,0.8116515874862671,84236.6484375,95993.4921875,81949.3515625,-0.0,85249.4296875,81198.6796875,59237.08984375,71463.0859375,77560.4296875
2012-05-31 06:21:05,12390404.0,350.0,284.7108154296875,214.9355010986328,-0.0,346.2654113769531,218.20013427734375,204.499267578125,176.9225616455078,279.0476379394531,132.16024780273438,50.40678787231445,50.0,50.0,272.744873046875,50.0,50.0,50.0,50.0,50.0,0.04211870953440666,0.0025050663389265537,0.066645547747612,0.06074865907430649,0.0,0.002690721768885851,0.1060308963060379,0.002625960623845458,0.13643907010555267,0.002876424230635166,350.87896728515625,305.0404052734375,228.83705139160156,-0.0,347.1996154785156,244.08018493652344,205.03768920898438,204.87559509277344,279.85260009765625,0.8789751529693604,20.329586029052734,13.901543617248535,-0.0,0.934217631816864,25.88003921508789,0.5384209156036377,27.953035354614258,0.8049747943878174,85511.2109375,94546.75,80953.7578125,-0.0,85290.2734375,80188.1015625,58831.046875,70497.6640625,76858.375
2012-07-29 09:47:06,12508321.0,338.1042785644531,270.6922302246094,205.82447814941406,-0.0,332.9479064941406,208.12606811523438,198.12857055664062,169.54319763183594,270.3794250488281,130.36729431152344,50.0,50.0,50.0,270.8402404785156,50.0,50.0,50.0,50.0,50.0,0.045251693576574326,0.0025267833843827248,0.07320987433195114,0.06616491824388504,0.0,0.002714490285143256,0.11283319443464279,0.0026832344010472298,0.1459454894065857,0.0029206264298409224,338.9607849121094,292.07501220703125,220.40773010253906,-0.0,333.8541259765625,234.5963134765625,198.66162109375,198.51565551757812,271.1714172363281,0.8564804792404175,21.38277244567871,14.583259582519531,-0.0,0.9062438011169434,26.470251083374023,0.5330557227134705,28.97246551513672,0.7919904589653015,83771.8984375,91824.6640625,78979.1953125,-0.0,83266.671875,78227.5546875,57999.4609375,68610.4140625,75466.5234375
2012-09-21 17:21:19,12612755.0,327.197998046875,258.5533142089844,197.71681213378906,-0.0,321.6743469238281,199.4198760986328,192.47523498535156,163.02642822265625,262.66943359375,128.74134826660156,50.0,50.0,50.0,269.1160888671875,50.0,50.0,50.0,50.0,50.0,0.048239465802907944,0.0025423953775316477,0.07951712608337402,0.07151208072900772,0.0,0.00274274917319417,0.11919986456632614,0.0027347730938345194,0.15486983954906464,0.0029618137050420046,328.0320129394531,280.8887939453125,212.94496154785156,-0.0,322.5590515136719,226.40762329101562,193.0030517578125,192.90097045898438,263.44970703125,0.8339869976043701,22.335468292236328,15.228137016296387,-0.0,0.8846985697746277,26.98775863647461,0.5278195738792419,29.874542236328125,0.7802889347076416,82146.4140625,89426.1328125,77177.546875,-0.0,81741.15625,76470.6328125,57216.81640625,66911.6328125,74197.015625
2012-10-28 02:45:14,12681059.0,320.2257385253906,250.77952575683594,192.48443603515625,-0.0,314.4068908691406,193.7803955078125,188.78123474121094,158.87403869628906,257.6034240722656,127.65953826904297,50.0,50.0,50.0,267.9797058105469,50.0,50.0,50.0,50.0,50.0,0.050290338695049286,0.0025544180534780025,0.08387938886880875,0.07524458318948746,0.0,0.002762920456007123,0.12356212735176086,0.0027688208501785994,0.1608775109052658,0.0029901647940278053,321.0458068847656,273.74072265625,208.1463165283203,-0.0,315.2779846191406,221.09999084472656,189.3053741455078,189.33355712890625,258.3760070800781,0.8200852274894714,22.961204528808594,15.661882400512695,-0.0,0.8710879683494568,27.3195858001709,0.5241526961326599,30.459508895874023,0.7725868225097656,81145.90625,87861.4140625,75977.03125,-0.0,80783.171875,75309.5078125,56678.11328125,65777.5546875,73348.546875
2013-01-10 00:00:00,12813216.0,306.8199462890625,236.0047149658203,182.42391967773438,-0.0,300.4105224609375,182.9274139404297,181.5688934326172,150.8126220703125,247.70787048339844,125.50397491455078,50.0,50.0,50.0,265.75579833984375,50.0,50.0,50.0,50.0,50.0,0.05463879555463791,0.0025805470068007708,0.0931706577539444,0.08353546261787415,0.0,0.0028060583863407373,0.13269169628620148,0.002835900755599141,0.17325253784656525,0.00304917199537158,307.6137390136719,260.25262451171875,199.0518035888672,-0.0,301.255859375,210.9139404296875,182.0852813720703,182.4167938232422,248.46548461914062,0.7938117980957031,24.247907638549805,16.627883911132812,-0.0,0.8453415036201477,27.986530303955078,0.5163757801055908,31.60417366027832,0.757614016532898,79309.375,84812.609375,73563.734375,-0.0,78969.53125,72983.9765625,55583.09375,63503.203125,71637.7578125
2013-03-11 08:22:44,12917030.0,296.3251953125,224.7624969482422,174.54312133789062,-0.0,289.48211669921875,174.65176391601562,175.89999389648438,144.57798767089844,239.96957397460938,123.76614379882812,50.0,50.0,50.0,263.98272705078125,50.0,50.0,50.0,50.0,50.0,0.058333784341812134,0.0026028065476566553,0.10104044526815414,0.09088433533906937,0.0,0.0028424039483070374,0.14027072489261627,0.0028902015183120966,0.1835412085056305,0.0030976347625255585,297.0984802246094,250.025146484375,191.99220275878906,-0.0,290.3072814941406,203.1473846435547,176.40985107421875,177.07933044433594,240.71522521972656,0.7732898592948914,25.262653350830078,17.449085235595703,-0.0,0.8251705765724182,28.49563217163086,0.5098600387573242,32.5013542175293,0.7456478476524353,77880.9609375,82420.890625,71618.2421875,-0.0,77524.71875,71094.921875,54683.375,61704.56640625,70247.296875
2013-04-20 04:18:45,12983813.0,289.5998229980469,217.81539916992188,169.489013671875,-0.0,282.470947265625,169.45196533203125,172.2606201171875,140.58892822265625,235.0270538330078,122.62862396240234,50.0,50.0,50.0,262.8360290527344,50.0,50.0,50.0,50.0,50.0,0.06083822622895241,0.0026178904809057713,0.1063159629702568,0.09599898010492325,0.0,0.0028669643215835094,0.14531750977039337,0.0029260653536766768,0.19046920537948608,0.003129216842353344,290.3599548339844,243.72752380371094,187.48764038085938,-0.0,283.2831115722656,198.2630615234375,172.76614379882812,173.66717529296875,235.7648162841797,0.7601305246353149,25.912126541137695,17.998620986938477,-0.0,0.8121625781059265,28.81109619140625,0.5055249929428101,33.0782470703125,0.7377592325210571,76955.703125,80896.7421875,70340.65625,-0.0,76578.890625,69850.1484375,54085.95703125,60539.6875,69336.2265625
2013-07-08 20:10:04,13110819.0,276.7474060058594,204.9715576171875,159.8594207763672,-0.0,269.0971374511719,159.6519775390625,165.287841796875,133.11456298828125,225.6055145263672,120.40185546875,50.0,50.0,50.0,260.64971923828125,50.0,50.0,50.0,50.0,50.0,0.0660289004445076,0.002653016708791256,0.11727768182754517,0.10704890638589859,0.0,0.002920362865552306,0.15547990798950195,0.0029984074644744396,0.2043144553899765,0.0031947812531143427,277.4835510253906,232.20388793945312,179.02371215820312,-0.0,269.88531494140625,189.0446319580078,165.78494262695312,167.29544067382812,226.32858276367188,0.7361685037612915,27.23233413696289,19.16429328918457,-0.0,0.7881630063056946,29.392641067504883,0.49709081649780273,34.180877685546875,0.7230702638626099,75223.421875,77952.9921875,67810.7109375,-0.0,74728.3984375,67412.3515625,52875.7265625,58270.19140625,67552.6875
2013-09-08 06:33:02,13205073.0,267.2177429199219,195.59385681152344,152.9229736328125,-0.0,259.35791015625,152.6064910888672,160.19796752929688,127.68170166015625,218.6828155517578,118.70703887939453,50.0,50.0,50.0,259.0247802734375,50.0,50.0,50.0,50.0,50.0,0.07012945413589478,0.0026830791030079126,0.12605801224708557,0.11605425179004669,0.0,0.002965229330584407,0.16339285671710968,0.003054987406358123,0.2147752195596695,0.003246534150093794,267.9366455078125,223.80645751953125,173.00039672851562,-0.0,260.1292419433594,182.41116333007812,160.68885803222656,162.60528564453125,219.39508056640625,0.7188951969146729,28.212594985961914,20.07743263244629,-0.0,0.7713428735733032,29.8046817779541,0.49090248346328735,34.923587799072266,0.7122735977172852,73912.3125,75758.734375,65875.265625,-0.0,73348.6953125,65585.71875,51943.52734375,56556.3671875,66188.1171875
2013-10-19 10:23:40,13266629.0,261.0262756347656,189.56683349609375,148.45033264160156,-0.0,253.08059692382812,148.1448211669922,156.90298461914062,124.19479370117188,214.16671752929688,117.5816650390625,50.0,50.0,50.0,257.960693359375,50.0,50.0,50.0,50.0,50.0,0.07292696833610535,0.0027043840382248163,0.13204847276210785,0.12231776118278503,0.0,0.0029963820707052946,0.1687464565038681,0.003093734150752425,0.22171814739704132,0.0032818971667438745,261.7341003417969,218.40716552734375,169.1390380859375,-0.0,253.84120178222656,178.2185821533203,157.38990783691406,159.5756072998047,214.8719024658203,0.707829475402832,28.84033203125,20.68870735168457,-0.0,0.7606052160263062,30.073755264282227,0.4869225323200226,35.38080596923828,0.7051874995231628,73040.296875,74337.4140625,64599.84375,-0.0,72426.3203125,64397.61328125,51322.08203125,55431.87109375,65268.984375
2013-11-16 00:14:45,13307173.0,256.9554748535156,185.65101623535156,145.4951171875,-0.0,248.9985809326172,145.26766967773438,154.73794555664062,121.89261627197266,211.20140075683594,116.83275604248047,50.0,50.0,50.0,257.25872802734375,50.0,50.0,50.0,50.0,50.0,0.07482615113258362,0.0027191750705242157,0.13609720766544342,0.12663771212100983,0.0,0.003017647424712777,0.17235316336154938,0.003120047738775611,0.2263987511396408,0.0033058009576052427,257.65606689453125,214.89804077148438,166.59194946289062,-0.0,249.7522430419922,175.51890563964844,155.2222442626953,157.56517028808594,211.9019012451172,0.70061194896698,29.24702262878418,21.09682273864746,-0.0,0.7536642551422119,30.251235961914062,0.48430079221725464,35.67255783081055,0.7005054950714111,72457.2265625,73396.5546875,63749.02734375,-0.0,71811.4375,63626.6875,50904.87890625,54688.125,64651.50390625
2014-01-11 00:00:00,13386702.0,248.89886474609375,178.1125946044922,139.64366149902344,-0.0,240.9873504638672,139.59120178222656,150.48199462890625,117.32122039794922,205.3726043701172,115.33892059326172,50.0,50.0,50.0,255.8797607421875,50.0,50.0,50.0,50.0,50.0,0.07876329123973846,0.0027521259617060423,0.14430852234363556,0.1358238309621811,0.0,0.003063949989154935,0.1798834353685379,0.003173521487042308,0.23599551618099213,0.0033547019120305777,249.58575439453125,208.15049743652344,161.59165954589844,-0.0,241.7279815673828,170.208984375,150.9610595703125,153.56089782714844,206.0638885498047,0.6868914365768433,30.03788948059082,21.947998046875,-0.0,0.7406424880027771,30.61777687072754,0.47907817363739014,36.23968505859375,0.6912829279899597,71286.546875,71511.5,62027.8828125,-0.0,70569.265625,62078.43359375,50049.44140625,53215.6484375,63407.97265625
2014-03-02 00:30:14,13455628.0,241.9014129638672,171.8772430419922,134.7049560546875,-0.0,234.12689208984375,134.74374389648438,146.83128356933594,113.40631866455078,200.35177612304688,114.02449798583984,50.0,50.0,50.0,254.679931640625,50.0,50.0,50.0,50.0,50.0,0.08231367915868759,0.002784019336104393,0.15146701037883759,0.14426395297050476,0.0,0.003106872783973813,0.18673492968082428,0.0032207034528255463,0.244523823261261,0.003398010041564703,242.57675170898438,202.55812072753906,157.4141387939453,-0.0,234.8565673828125,165.68243408203125,147.30572509765625,150.11236572265625,201.03489685058594,0.6753383874893188,30.68087387084961,22.709186553955078,-0.0,0.729669451713562,30.93869972229004,0.4744280278682709,36.70604705810547,0.6831185817718506,70243.25,69864.5,60493.203125,-0.0,69451.6328125,60692.5703125,49280.67578125,51933.91015625,62306.94140625
2014-04-04 00:50:37,13500225.0,237.35928344726562,167.94046020507812,131.59011840820312,-0.0,229.74961853027344,131.65211486816406,144.4897003173828,110.94127655029297,197.10464477539062,113.1652603149414,50.0,50.0,50.0,253.90541076660156,50.0,50.0,50.0,50.0,50.0,0.08465822786092758,0.0028063098434358835,0.15611937642097473,0.14990901947021484,0.0,0.0031352767255157232,0.19128887355327606,0.003251570276916027,0.2500022053718567,0.003426886163651943,238.02725219726562,199.00973510742188,154.7953338623047,-0.0,230.4722137451172,162.79251098632812,144.9610595703125,147.92213439941406,197.7824249267578,0.6679782271385193,31.069276809692383,23.205217361450195,-0.0,0.7225942015647888,31.140396118164062,0.4713510572910309,36.980857849121094,0.6777778267860413,69553.6328125,68795.4921875,59489.375,-0.0,68715.8828125,59777.3203125,48770.578125,51090.03125,61583.69140625
2014-04-25 19:46:52,13529274.0,234.40892028808594,165.3884735107422,129.55177307128906,-0.0,226.91119384765625,129.65895080566406,142.9705047607422,109.34718322753906,194.9892120361328,112.6021957397461,50.0,50.0,50.0,253.40106201171875,50.0,50.0,50.0,50.0,50.0,0.08620673418045044,0.0028213774785399437,0.1591884344816208,0.15367689728736877,0.0,0.0031543225049972534,0.194301038980484,0.0032718600705266,0.25356733798980713,0.003446132643148303,235.0721435546875,196.70098876953125,153.07601928710938,-0.0,227.62921142578125,160.9272918701172,143.4398193359375,146.49302673339844,195.6634979248047,0.6632272601127625,31.31252098083496,23.524248123168945,-0.0,0.7180159687995911,31.268341064453125,0.4693150222301483,37.14584732055664,0.6742823719978333,69097.3671875,68098.03125,58832.71875,-0.0,68228.296875,59175.15234375,48432.91796875,50540.61328125,61109.234375
2014-06-08 09:40:04,13585877.0,228.66876220703125,160.40090942382812,125.49931335449219,-0.0,221.40126037597656,125.80059051513672,140.01324462890625,106.2426986694336,190.83685302734375,111.49348449707031,50.0,50.0,50.0,252.41932678222656,50.0,50.0,50.0,50.0,50.0,0.0893068015575409,0.0028525220695883036,0.16532351076602936,0.16137896478176117,0.0,0.003193521173670888,0.20032593607902527,0.0033121397718787193,0.260581374168396,0.0034853683318942785,229.3229217529297,192.17135620117188,149.6496124267578,-0.0,222.11058044433594,157.31483459472656,140.47853088378906,143.68409729003906,191.5043182373047,0.6541486978530884,31.770444869995117,24.150299072265625,-0.0,0.7093148827552795,31.514240264892578,0.465284526348114,37.44139862060547,0.6674630641937256,68179.6484375,66730.21875,57533.03125,-0.0,67250.6328125,57981.625,47761.54296875,49463.0703125,60168.93359375
2014-07-21 02:22:01,13639943.0,223.21946716308594,155.6900634765625,121.6134262084961,-0.0,216.1818389892578,122.20881652832031,137.2024383544922,103.31693267822266,186.87655639648438,110.42318725585938,50.0,50.0,50.0,251.48175048828125,50.0,50.0,50.0,50.0,50.0,0.09235535562038422,0.0028836913406848907,0.17134405672550201,0.1690632551908493,0.0,0.0032327729277312756,0.20620286464691162,0.0033513102680444717,0.267341285943985,0.0035239628050476313,223.8650360107422,187.88262939453125,146.3570098876953,-0.0,216.8829803466797,153.9547119140625,137.66378784179688,141.01644897460938,187.5374298095703,0.6455576419830322,32.19257354736328,24.743593215942383,-0.0,0.7011334300041199,31.74590301513672,0.4613540768623352,37.69951629638672,0.6608749032020569,67278.3046875,65435.9921875,56290.6171875,-0.0,66285.7265625,56827.19921875,47106.94140625,48426.74609375,59257.9375
2014-10-14 11:45:56,13742851.0,212.973388671875,146.8001251220703,114.49285125732422,-0.0,206.3703155517578,115.46725463867188,131.90663146972656,97.79612731933594,179.3182373046875,108.35514831542969,50.0,50.0,50.0,249.65087890625,50.0,50.0,50.0,50.0,50.0,0.09847438335418701,0.0029475600458681583,0.183481365442276,0.1843574047088623,0.0,0.0033118478022515774,0.21812325716018677,0.003428031224757433,0.2805787920951843,0.0036008059978485107,213.60299682617188,179.787841796875,140.37135314941406,-0.0,207.05604553222656,147.6796112060547,132.36036682128906,135.93724060058594,179.96624755859375,0.6296076774597168,32.98772048950195,25.878496170043945,-0.0,0.6857380867004395,32.21235656738281,0.45373550057411194,38.14110565185547,0.6480235457420349,65486.1015625,62941.51171875,53898.67578125,-0.0,64361.42578125,54591.38671875,45819.73046875,46428.68359375,57486.0
2015-01-12 00:00:00,13845409.0,202.9876251220703,138.35276794433594,107.80923461914062,-0.0,196.9292449951172,108.82176971435547,126.68299102783203,92.44051361083984,171.7603302001953,106.2691421508789,50.0,50.0,50.0,247.7899932861328,50.0,50.0,50.0,50.0,50.0,0.10490567237138748,0.003016310278326273,0.19617459177970886,0.20001563429832458,0.0,0.00339307077229023,0.23094609379768372,0.0035071144811809063,0.2941478192806244,0.0036812410689890385,203.60174560546875,172.11793518066406,134.76417541503906,-0.0,197.59971618652344,141.50083923339844,127.12884521484375,130.96299743652344,172.39495849609375,0.6141260266304016,33.76516342163086,26.954940795898438,-0.0,0.6704698204994202,32.6790657043457,0.44585543870925903,38.52248001098633,0.6346274018287659,63609.97265625,60471.71484375,51517.14453125,-0.0,62373.6953125,52319.84765625,44489.70703125,44406.359375,55672.9375
2015-03-26 20:49:27,13926623.0,195.23040771484375,131.7833709716797,102.54533386230469,-0.0,189.6494903564453,103.58670806884766,122.5678939819336,88.30368041992188,165.78611755371094,104.60089874267578,50.0,50.0,50.0,246.19715881347656,50.0,50.0,50.0,50.0,50.0,0.11021438986063004,0.003073593834415078,0.20681607723236084,0.21304185688495636,0.0,0.003459545783698559,0.24158500134944916,0.003571317298337817,0.30495384335517883,0.0037468201480805874,195.8323211669922,166.144775390625,130.3059539794922,-0.0,190.30787658691406,136.58314514160156,123.00718688964844,127.04722595214844,166.4096221923828,0.6019089818000793,34.36140823364258,27.760622024536133,-0.0,0.6583787798881531,32.99644088745117,0.43929770588874817,38.7435417175293,0.6235069632530212,62057.390625,58516.08984375,49630.2890625,-0.0,60744.75390625,50493.28125,43405.12890625,42784.95703125,54208.15625
2015-05-14 14:52:58,13978791.0,190.3024444580078,127.59583282470703,99.20124053955078,-0.0,185.03733825683594,100.30840301513672,119.93172454833984,85.69351959228516,161.9730987548828,103.52165985107422,50.0,50.0,50.0,245.1799774169922,50.0,50.0,50.0,50.0,50.0,0.1137145534157753,0.0031112527940422297,0.21390849351882935,0.22169244289398193,0.0,0.0035034031607210636,0.2485271692276001,0.0036131907254457474,0.3119103014469147,0.0037892700638622046,190.89637756347656,162.3167724609375,127.45763397216797,-0.0,185.68788146972656,133.48240661621094,120.36663055419922,124.53829956054688,162.5891876220703,0.5939269065856934,34.7209358215332,28.25639533996582,-0.0,0.6505395174026489,33.174007415771484,0.43490761518478394,38.84477615356445,0.6160943508148193,61029.94140625,57249.16015625,48409.4609375,-0.0,59671.6015625,49301.65625,42695.33203125,41732.1328125,53262.609375
2015-06-15 19:07:30,14012610.0,187.12403869628906,124.83759307861328,97.04053497314453,-0.0,182.06838989257812,98.18781280517578,118.22197723388672,84.04888153076172,159.51507568359375,102.81857299804688,50.0,50.0,50.0,244.52182006835938,50.0,50.0,50.0,50.0,50.0,0.11600933223962784,0.003136146580800414,0.21858806908130646,0.22741439938545227,0.0,0.0035323449410498142,0.25312671065330505,0.0036406833678483963,0.31634706258773804,0.0038170157931745052,187.7127227783203,159.75900268554688,125.60490417480469,-0.0,182.71380615234375,131.46514892578125,118.65396118164062,122.94086456298828,160.12628173828125,0.5886946320533752,34.92141342163086,28.564363479614258,-0.0,0.6454081535339355,33.277339935302734,0.43198150396347046,38.89198303222656,0.6112045049667358,60350.375,56410.8984375,47616.3125,-0.0,58963.62890625,48523.96484375,42229.1640625,41047.34765625,52647.78515625
2015-08-19 03:35:51,14077901.0,181.05455017089844,119.52303314208984,92.96641540527344,-0.0,176.37355041503906,94.05860900878906,114.91898345947266,80.95771026611328,154.71876525878906,101.44996643066406,50.0,50.0,50.0,243.25640869140625,50.0,50.0,50.0,50.0,50.0,0.12055139243602753,0.0031852927058935165,0.2278941571712494,0.23858670890331268,0.0,0.003589541418477893,0.2624175250530243,0.003694192972034216,0.3248809576034546,0.003873796435073018,181.6331024169922,154.80136108398438,122.09717559814453,-0.0,177.00892639160156,127.5228271484375,115.34508514404297,119.91619873046875,155.3204345703125,0.5785545706748962,35.27832794189453,29.13076400756836,-0.0,0.6353808641433716,33.4642219543457,0.4261070191860199,38.95848846435547,0.6016797423362732,59006.109375,54737.19921875,46053.5234375,-0.0,57563.68359375,46998.265625,41319.07421875,39754.61328125,51446.609375
2015-10-06 14:39:36,14125782.0,176.64324951171875,115.67398071289062,90.04615020751953,-0.0,172.21128845214844,91.09439849853516,112.49427795410156,78.69828033447266,151.17437744140625,100.44002532958984,50.0,50.0,50.0,242.33062744140625,50.0,50.0,50.0,50.0,50.0,0.1239761933684349,0.0032225623726844788,0.23493531346321106,0.24690143764019012,0.0,0.00363265722990036,0.269355446100235,0.003733851481229067,0.3312899172306061,0.003917364403605461,177.21434020996094,151.19503784179688,119.56754302978516,-0.0,172.8391571044922,124.67676544189453,112.9158935546875,117.68669128417969,151.7689208984375,0.5710842609405518,35.521053314208984,29.521398544311523,-0.0,0.6278654336929321,33.582366943359375,0.4216111898422241,38.9884147644043,0.594534158706665,57995.82421875,53484.23828125,44907.48828125,-0.0,56516.32421875,45890.6953125,40645.515625,38820.7109375,50552.58203125
2016-01-13 00:00:00,14218000.0,168.23423767089844,108.45051574707031,84.48667907714844,-0.0,164.21990966796875,85.44197082519531,107.76525115966797,74.37068176269531,144.30613708496094,98.47562408447266,50.0,50.0,50.0,240.5499725341797,50.0,50.0,50.0,50.0,50.0,0.13076801598072052,0.0032982905395329,0.2488725632429123,0.2633187472820282,0.0,0.0037189882714301348,0.2831284999847412,0.0038140553515404463,0.34379833936691284,0.004006460774689913,168.79095458984375,144.38363647460938,114.68553161621094,-0.0,164.8329315185547,119.18729400634766,108.17784881591797,113.33509826660156,144.88661193847656,0.5567216277122498,35.933128356933594,30.198850631713867,-0.0,0.6130117177963257,33.74531936645508,0.41259628534317017,38.96441650390625,0.580482542514801,55968.5703125,51023.92578125,42694.13671875,-0.0,54442.20703125,43740.5,39318.18359375,37022.2109375,48788.23828125
2016-03-28 09:02:48,14285868.0,162.21739196777344,103.16524505615234,80.56009674072266,-0.0,158.42062377929688,81.31441497802734,104.28158569335938,71.16384887695312,139.27313232421875,97.01959991455078,50.0,50.0,50.0,239.23593139648438,50.0,50.0,50.0,50.0,50.0,0.1359216421842575,0.003355465130880475,0.25968438386917114,0.27543890476226807,0.0,0.003783852094784379,0.2936575412750244,0.003875065827742219,0.35338959097862244,0.004074122291058302,162.76353454589844,139.35305786132812,111.18467712402344,-0.0,159.0223388671875,115.12037658691406,104.68724822998047,110.0567626953125,139.84288024902344,0.546147346496582,36.18781280517578,30.62458610534668,-0.0,0.6017169952392578,33.80596923828125,0.4056699872016907,38.892913818359375,0.5697369575500488,54449.30078125,49200.9765625,41094.1328125,-0.0,52892.27734375,42138.46875,38323.3046875,35679.69921875,47457.85546875
2016-05-17 03:00:42,14329495.0,158.38565063476562,99.77519989013672,78.12902069091797,-0.0,154.70367431640625,78.74720764160156,102.04344177246094,69.10782623291016,136.0467987060547,96.07997131347656,50.0,50.0,50.0,238.3891143798828,50.0,50.0,50.0,50.0,50.0,0.13932177424430847,0.0033931899815797806,0.26696035265922546,0.28319498896598816,0.0,0.0038267846684902906,0.300470232963562,0.003915117587894201,0.3597363829612732,0.004118382465094328,158.92491149902344,136.11160278320312,108.9961929321289,-0.0,155.2979736328125,112.57164001464844,102.44451904296875,107.93651580810547,136.60940551757812,0.5392624139785767,36.33639907836914,30.867177963256836,-0.0,0.5942919254302979,33.82442855834961,0.4010823369026184,38.82868957519531,0.5626097321510315,53454.796875,48011.515625,40063.32421875,-0.0,51884.6484375,41095.89453125,37675.62890625,34803.95703125,46589.015625
2016-08-24 14:56:29,14412359.0,151.2201385498047,93.36129760742188,73.55757141113281,-0.0,147.6642303466797,74.05631256103516,97.76599884033203,65.23374938964844,129.9685516357422,94.28408813476562,50.0,50.0,50.0,236.76841735839844,50.0,50.0,50.0,50.0,50.0,0.1459921896457672,0.003466134425252676,0.28156694769859314,0.2981918454170227,0.0,0.003912519663572311,0.31346678733825684,0.0039934818632900715,0.37215298414230347,0.004206235054880381,151.74610900878906,129.9512939453125,104.81150817871094,-0.0,148.24424743652344,107.86996459960938,98.15798950195312,103.90071105957031,130.5175323486328,0.5259724259376526,36.58998489379883,31.253934860229492,-0.0,0.5800085067749023,33.81365203857422,0.3919921815395355,38.666961669921875,0.5489874482154846,51517.078125,45697.40234375,38103.5234375,-0.0,49934.01953125,39090.546875,36418.265625,33123.9921875,44933.44140625
2016-10-10 06:39:22,14450281.0,147.98016357421875,90.4396743774414,71.49429321289062,-0.0,144.4658966064453,71.96269226074219,95.80455017089844,63.47435760498047,127.19496154785156,93.4598617553711,50.0,50.0,50.0,236.02134704589844,50.0,50.0,50.0,50.0,50.0,0.14911022782325745,0.0034995200112462044,0.2885464131832123,0.3050839900970459,0.0,0.003952337428927422,0.31946665048599243,0.004029945470392704,0.3779468238353729,0.004247691947966814,148.49984741210938,127.11956787109375,102.88191986083984,-0.0,145.0391387939453,105.74455261230469,96.19219970703125,102.04007720947266,127.737548828125,0.5196781754493713,36.679893493652344,31.38762855529785,-0.0,0.5732436180114746,33.7818603515625,0.3876492977142334,38.56572341918945,0.5425897240638733,50618.3515625,44631.765625,37223.34765625,-0.0,49028.53515625,38168.515625,35833.47265625,32356.3046875,44166.99609375
2016-11-10 12:51:19,14475279.0,145.85824584960938,88.52032470703125,70.14634704589844,-0.0,142.3668975830078,70.63191986083984,94.51049041748047,62.314186096191406,125.37181091308594,92.91555786132812,50.0,50.0,50.0,235.52764892578125,50.0,50.0,50.0,50.0,50.0,0.15119148790836334,0.003521658480167389,0.2932674288749695,0.30965515971183777,0.0,0.003978789318352938,0.3233500123023987,0.004054181277751923,0.38183489441871643,0.004275438375771046,146.37371826171875,125.2529296875,101.610595703125,-0.0,142.93560791015625,104.38472747802734,94.89521026611328,100.80508422851562,125.9101333618164,0.515478253364563,36.732601165771484,31.464242935180664,-0.0,0.5687106847763062,33.752803802490234,0.38472241163253784,38.49089813232422,0.5383210182189941,50019.5546875,43927.58203125,36644.09375,-0.0,48427.5078125,37572.49609375,35444.52734375,31845.12890625,43657.43359375
2016-12-01 11:29:45,14491846.0,144.4560546875,87.25615692138672,69.26433563232422,-0.0,140.97817993164062,69.74573516845703,93.65165710449219,61.551029205322266,124.16666412353516,92.55435943603516,50.0,50.0,50.0,235.19985961914062,50.0,50.0,50.0,50.0,50.0,0.15258406102657318,0.0035364441573619843,0.2964329719543457,0.31267857551574707,0.0,0.003996457904577255,0.32598966360092163,0.004070349503308535,0.3844064474105835,0.004293942824006081,144.96873474121094,124.0196762084961,100.77430725097656,-0.0,141.54385375976562,103.4787368774414,94.03440856933594,99.9864730834961,124.7021255493164,0.5126737952232361,36.763519287109375,31.509965896606445,-0.0,0.5656740069389343,33.73299789428711,0.382752925157547,38.435447692871094,0.535463809967041,49620.2421875,43459.0546875,36260.53125,-0.0,48027.37109375,37176.625,35185.23046875,31504.640625,43317.97265625
2017-01-13 00:00:00,14524758.0,141.68743896484375,84.82029724121094,67.51779174804688,-0.0,138.24034118652344,67.98221588134766,91.94141387939453,60.047969818115234,121.76786041259766,91.83506774902344,50.0,50.0,50.0,234.54615783691406,50.0,50.0,50.0,50.0,50.0,0.15536250174045563,0.0035660909488797188,0.30259862542152405,0.31877243518829346,0.0,0.004031877499073744,0.3313693106174469,0.004102673847228289,0.38947349786758423,0.004331557545810938,142.19451904296875,121.62335968017578,99.11194610595703,-0.0,138.7999725341797,101.67378997802734,92.32017517089844,98.35440063476562,122.29759979248047,0.5070785880088806,36.803062438964844,31.59415626525879,-0.0,0.5596244931221008,33.69157409667969,0.37875956296920776,38.30643081665039,0.5297390818595886,48821.609375,42523.2890625,35497.32421875,-0.0,47229.78125,36388.18359375,34666.27734375,30827.24609375,42640.4921875
2017-02-24 02:17:48,14556649.0,139.01866149902344,82.51844024658203,65.83419799804688,-0.0,135.60621643066406,66.30461883544922,90.28634643554688,58.588836669921875,119.43794250488281,91.1364974975586,50.0,50.0,50.0,233.9110107421875,50.0,50.0,50.0,50.0,50.0,0.15807241201400757,0.003595172194764018,0.3085024356842041,0.3248191475868225,0.0,0.00406670942902565,0.3365781009197235,0.004133916459977627,0.394421249628067,0.004369129426777363,139.520263671875,119.33293914794922,97.50601959228516,-0.0,136.15994262695312,99.94336700439453,90.6611328125,96.74849700927734,119.96207427978516,0.5015993118286133,36.81450271606445,31.67182159423828,-0.0,0.5537229776382446,33.63874816894531,0.37478554248809814,38.159664154052734,0.5241298079490662,48042.04296875,41620.7890625,34753.03125,-0.0,46453.28515625,35622.296875,34159.76171875,30174.529296875,41979.22265625
2017-03-23 21:06:19,14577404.0,137.28982543945312,81.03366088867188,64.77777099609375,-0.0,133.89639282226562,65.23035430908203,89.21530151367188,57.639869689941406,117.92688751220703,90.6812515258789,50.0,50.0,50.0,233.49732971191406,50.0,50.0,50.0,50.0,50.0,0.15984073281288147,0.0036142163444310427,0.31236976385116577,0.3286858797073364,0.0,0.004089721944183111,0.33995717763900757,0.0041540456004440784,0.3976648151874542,0.004393881186842918,137.78782653808594,117.84481811523438,96.49398040771484,-0.0,134.44622802734375,98.82746124267578,89.58745574951172,95.69401550292969,118.44733428955078,0.497994989156723,36.8111572265625,31.71620750427246,-0.0,0.5498476624488831,33.597103118896484,0.37215039134025574,38.054141998291016,0.5204434990882874,47531.73046875,41033.78125,34274.0625,-0.0,45945.18359375,35123.84765625,33829.33203125,29752.5546875,41546.35546875
2017-05-18 10:41:57,14617774.0,133.9443817138672,78.16815948486328,62.724761962890625,-0.0,130.5829315185547,63.17948913574219,87.12020874023438,55.80689239501953,114.98826599121094,89.79390716552734,50.0,50.0,50.0,232.6910400390625,50.0,50.0,50.0,50.0,50.0,0.16336528956890106,0.0036518292035907507,0.3200429379940033,0.3364761769771576,0.0,0.004135390743613243,0.3465961515903473,0.004194151610136032,0.4040437340736389,0.0044441078789532185,134.43531799316406,114.96043395996094,94.53279113769531,-0.0,131.12518310546875,96.69286346435547,87.48714447021484,93.64259338378906,115.50157165527344,0.490934818983078,36.792274475097656,31.808032989501953,-0.0,0.542253851890564,33.51337432861328,0.3669343590736389,37.8357048034668,0.513301432132721,46530.640625,39883.1015625,33332.0703125,-0.0,44951.109375,34159.8984375,33180.78515625,28930.943359375,40699.2890625
2017-06-27 03:17:34,14646043.0,131.6128387451172,76.18195343017578,61.30077362060547,-0.0,128.26608276367188,61.742332458496094,85.65145111083984,54.54109191894531,112.93324279785156,89.17152404785156,50.0,50.0,50.0,232.12547302246094,50.0,50.0,50.0,50.0,50.0,0.16586622595787048,0.0036784792318940163,0.3255048394203186,0.34199389815330505,0.0,0.004167878534644842,0.35130518674850464,0.004222547635436058,0.4085146486759186,0.004480315372347832,132.0987548828125,112.94662475585938,93.16140747070312,-0.0,128.80291748046875,95.1793212890625,86.01465606689453,92.21038055419922,113.44149780273438,0.48592251539230347,36.76467514038086,31.860631942749023,-0.0,0.5368349552154541,33.436988830566406,0.36320096254348755,37.66929244995117,0.5082536935806274,45823.5078125,39080.5625,32671.091796875,-0.0,44250.40234375,33481.546875,32721.658203125,28356.728515625,40101.3828125
2017-09-14 12:28:49,14700414.0,127.15894317626953,72.4204330444336,58.601871490478516,-0.0,123.83084869384766,59.01219177246094,82.83818817138672,52.08864212036133,108.96884155273438,87.97120666503906,50.0,50.0,50.0,231.0343475341797,50.0,50.0,50.0,50.0,50.0,0.17084775865077972,0.0037311234045773745,0.33639347553253174,0.3528420627117157,0.0,0.004232101142406464,0.36052730679512024,0.004277288448065519,0.4175342321395874,0.00455537298694253,127.63516998291016,109.13158416748047,90.55265808105469,-0.0,124.35714721679688,92.28257751464844,83.19403076171875,89.42781829833984,109.46751403808594,0.47622254490852356,36.711151123046875,31.950788497924805,-0.0,0.5262920260429382,33.270389556884766,0.3558448553085327,37.339176177978516,0.49866533279418945,44448.63671875,37544.48828125,31418.6328125,-0.0,42894.16015625,32186.146484375,31828.185546875,27239.173828125,38942.9609375
2018-01-14 00:00:00,14778881.0,120.78446960449219,67.146484375,54.7923583984375,-0.0,117.53303527832031,55.14288330078125,78.79341125488281,48.51237106323242,103.22090148925781,86.23126983642578,50.0,50.0,50.0,229.45428466796875,50.0,50.0,50.0,50.0,50.0,0.17844721674919128,0.0038095200434327126,0.35299068689346313,0.3688045144081116,0.0,0.004326999187469482,0.37450090050697327,0.004356706514954567,0.43157923221588135,0.004679493140429258,121.2463607788086,103.77978515625,86.8072738647461,-0.0,118.04380798339844,88.15821075439453,79.13819122314453,85.34587860107422,103.70619201660156,0.46189042925834656,36.633296966552734,32.01491165161133,-0.0,0.5107754468917847,33.01532745361328,0.34478187561035156,36.8335075378418,0.4852924346923828,42431.8828125,35312.42578125,29599.80078125,-0.0,40928.08203125,30302.25,30515.861328125,25620.80859375,37253.87890625
2018-03-15 09:21:47,14816766.0,117.7220458984375,64.70621490478516,52.97666931152344,-0.0,114.5237045288086,53.310691833496094,76.8375473022461,46.792903900146484,100.4690170288086,85.38882446289062,50.0,50.0,50.0,228.68699645996094,50.0,50.0,50.0,50.0,50.0,0.18220138549804688,0.0038476912304759026,0.3609769940376282,0.3766627013683319,0.0,0.004372895695269108,0.3813927173614502,0.0043956562876701355,0.4386199116706848,0.004742197692394257,118.1767578125,101.25804138183594,84.98876953125,-0.0,115.02670288085938,86.17857360839844,77.17678833007812,83.35333251953125,100.9477310180664,0.45470768213272095,36.55182647705078,32.01210021972656,-0.0,0.5029997825622559,32.86787796020508,0.3392426371574402,36.56043243408203,0.47871410846710205,41446.75,34233.75,28722.31640625,-0.0,39975.046875,29386.70703125,29872.802734375,24838.943359375,36433.2734375
2018-07-14 04:04:41,14888328.0,111.98263549804688,60.268577575683594,49.59090042114258,-0.0,108.85498046875,49.86025619506836,73.1578369140625,43.50054168701172,95.27942657470703,83.79373931884766,50.0,50.0,50.0,227.23695373535156,50.0,50.0,50.0,50.0,50.0,0.189618781208992,0.003921714145690203,0.37605205178260803,0.39202937483787537,0.0,0.00446660490706563,0.39516037702560425,0.004469903651624918,0.4530697762966156,0.004879581741988659,112.42353057861328,96.59231567382812,81.56792449951172,-0.0,109.34337615966797,82.43550109863281,73.48631286621094,79.53581237792969,95.74662780761719,0.44089293479919434,36.32373809814453,31.977022171020508,-0.0,0.4883936643600464,32.57524108886719,0.3284767270088196,36.035274505615234,0.4672034978866577,39567.06640625,32197.27734375,27040.453125,-0.0,38171.8828125,27668.2890625,28641.408203125,23343.513671875,34882.21484375
2018-09-13 03:56:15,14923435.0,109.18040466308594,58.18284606933594,47.958133697509766,-0.0,106.0838394165039,48.18062210083008,71.3702621459961,41.91117858886719,92.72437286376953,83.0096206665039,50.0,50.0,50.0,226.52593994140625,50.0,50.0,50.0,50.0,50.0,0.19336456060409546,0.003958420362323523,0.3834971487522125,0.39971035718917847,0.0,0.004514237865805626,0.40209972858428955,0.004505504388362169,0.46034032106399536,0.0049533843994140625,109.61430358886719,94.3756332397461,79.89165496826172,-0.0,106.56489562988281,80.58303833007812,71.69327545166016,77.66223907470703,93.18595886230469,0.43389952182769775,36.192787170410156,31.933521270751953,-0.0,0.4810592830181122,32.40242004394531,0.32301437854766846,35.75105667114258,0.4615858495235443,38636.4296875,31222.9140625,26210.974609375,-0.0,37280.41015625,26822.8203125,28030.8515625,22611.65234375,34111.44921875
2019-01-15 00:00:00,14990733.0,103.8692398071289,54.23406219482422,44.842430114746094,-0.0,100.81021118164062,45.03363800048828,67.96463012695312,38.88481140136719,87.80479431152344,81.50570678710938,50.0,50.0,50.0,225.1649627685547,50.0,50.0,50.0,50.0,50.0,0.2009529322385788,0.004030698444694281,0.39837557077407837,0.4153415262699127,0.0,0.004612678661942482,0.4157639443874359,0.00457358080893755,0.47515496611595154,0.005124534945935011,104.28959655761719,90.14604187011719,76.69850158691406,-0.0,101.27737426757812,77.08123779296875,68.27690124511719,74.08817291259766,88.25706481933594,0.42035990953445435,35.911983489990234,31.8560733795166,-0.0,0.4671599566936493,32.04759979248047,0.312269926071167,35.20336151123047,0.45227643847465515,36841.90234375,29340.52734375,24615.912109375,-0.0,35564.546875,25196.544921875,26854.169921875,21193.849609375,32624.033203125
2019-03-16 09:21:47,15022635.0,101.36125183105469,52.39460754394531,43.34939193725586,-0.0,98.3235855102539,43.5485725402832,66.35366821289062,37.45828628540039,85.47321319580078,80.79167938232422,50.0,50.0,50.0,224.5198211669922,50.0,50.0,50.0,50.0,50.0,0.20467090606689453,0.004065317567437887,0.4055613577365875,0.4231613874435425,0.0,0.004660705104470253,0.4224049746990204,0.004605669062584639,0.48246192932128906,0.0052129835821688175,101.7750015258789,88.14132690429688,75.14994812011719,-0.0,98.78398895263672,75.39637756347656,66.66069030761719,72.37783813476562,85.9211196899414,0.4137476682662964,35.7467155456543,31.800556182861328,-0.0,0.46040305495262146,31.847806930541992,0.307017058134079,34.919551849365234,0.44790536165237427,35984.9453125,28443.197265625,23862.5546875,-0.0,34745.8828125,24425.25390625,26292.234375,20524.099609375,31911.2109375
2019-07-15 04:04:41,15082995.0,96.68372344970703,48.96980667114258,40.55500411987305,-0.0,93.64466094970703,40.76873016357422,63.31103515625,34.77586364746094,81.03885650634766,79.4421157836914,50.0,50.0,50.0,223.3068389892578,50.0,50.0,50.0,50.0,50.0,0.21216027438640594,0.004130906891077757,0.41983142495155334,0.43879610300064087,0.0,0.004758844152092934,0.43564969301223755,0.004669749177992344,0.4971016049385071,0.005412376951426268,97.08477020263672,84.40616607666016,72.26428985595703,-0.0,94.0924301147461,72.2401123046875,63.60806655883789,69.15087890625,81.47985076904297,0.4010481834411621,35.436363220214844,31.70928955078125,-0.0,0.44777122139930725,31.471384048461914,0.29703372716903687,34.3750114440918,0.44099968671798706,34363.55078125,26726.400390625,22426.158203125,-0.0,33194.3046875,22955.23828125,25223.859375,19246.55078125,30555.81640625
2019-08-04 07:08:54,15092959.0,95.91153717041016,48.40347671508789,40.091426849365234,-0.0,92.86949920654297,40.31023406982422,62.807472229003906,34.357940673828125,80.30641174316406,79.21892547607422,50.0,50.0,50.0,223.1068115234375,50.0,50.0,50.0,50.0,50.0,0.2133803516626358,0.004141527693718672,0.4222211241722107,0.44135868549346924,0.0,0.004775195382535458,0.4378226399421692,0.0046803709119558334,0.49936941266059875,0.005446252878755331,96.31040954589844,83.77508544921875,71.76595306396484,-0.0,93.31509399414062,71.70376586914062,63.10281753540039,68.62932586669922,80.74617767333984,0.3988721966743469,35.37160873413086,31.674528121948242,-0.0,0.4455977976322174,31.393531799316406,0.29534459114074707,34.271385192871094,0.4397641122341156,34094.65625,26442.0859375,22189.03515625,-0.0,32936.0234375,22712.1484375,25045.76171875,19036.091796875,30329.962890625
2019-09-13 13:18:02,15112521.0,94.40354919433594,47.294776916503906,39.195919036865234,-0.0,91.35220336914062,39.4285774230957,61.820770263671875,33.57970428466797,78.86701202392578,78.78114318847656,50.0,50.0,50.0,222.71466064453125,50.0,50.0,50.0,50.0,50.0,0.21586690843105316,0.004162725061178207,0.4271077811717987,0.44653382897377014,0.0,0.004808351397514343,0.4421665668487549,0.004701796919107437,0.503665030002594,0.005516715347766876,94.79817199707031,82.55441284179688,70.8189926147461,-0.0,91.7935791015625,70.68163299560547,62.11281204223633,67.65532684326172,79.30451202392578,0.3946187198162079,35.2596321105957,31.623075485229492,-0.0,0.4413757920265198,31.253053665161133,0.2920418381690979,34.075618743896484,0.4375004470348358,33567.29296875,25884.755859375,21727.74609375,-0.0,32429.6875,22240.240234375,24695.955078125,18638.02734375,29885.86328125
2020-01-16 00:00:00,15169671.0,90.04563903808594,43.96729278564453,36.53008270263672,-0.0,86.92365264892578,36.88237380981445,58.93436050415039,31.264875411987305,74.68728637695312,77.50446319580078,50.0,50.0,50.0,221.5780792236328,50.0,50.0,50.0,50.0,50.0,0.22381412982940674,0.004226797726005316,0.4429832398891449,0.4631386399269104,0.0,0.004914405290037394,0.45551446080207825,0.004768202546983957,0.5176920294761658,0.005765246693044901,90.42786407470703,78.93352508544922,68.04379272460938,-0.0,87.35294342041016,67.73802185058594,59.21672058105469,64.82347106933594,75.12037658691406,0.3822202980518341,34.96622848510742,31.513708114624023,-0.0,0.42928776144981384,30.855648040771484,0.2823573052883148,33.558597564697266,0.4330874979496002,32030.818359375,24243.451171875,20372.73828125,-0.0,30951.4453125,20878.77734375,23667.3046875,17503.833984375,28603.220703125
